hostname,country,sector,source
www.gov.cn,China,Government,https://www.gov.cn/?tid=1
www.fmprc.gov.cn,China,Government,https://www.gov.cn/?tid=1
www.ndrc.gov.cn,China,Government,https://www.gov.cn/?tid=1
www.moe.gov.cn,China,Government,https://www.gov.cn/?tid=1
www.most.gov.cn,China,Government,https://www.gov.cn/?tid=1
www.miit.gov.cn,China,Government,https://www.gov.cn/?tid=1
www.mps.gov.cn,China,Government,https://www.gov.cn/?tid=1
www.pbc.gov.cn,China,Government,https://www.gov.cn/?tid=1
www.moj.gov.cn,China,Government,https://www.gov.cn/?tid=1
www.mof.gov.cn,China,Government,https://www.gov.cn/?tid=1
www.mohrss.gov.cn,China,Government,https://www.gov.cn/?tid=1
www.customs.gov.cn,China,Government,https://www.gov.cn/?tid=1
www.mee.gov.cn,China,Government,https://www.gov.cn/?tid=1
www.samr.gov.cn,China,Government,https://www.gov.cn/?tid=1
www.mot.gov.cn,China,Government,https://www.gov.cn/?tid=1
www.mwr.gov.cn,China,Government,https://www.gov.cn/?tid=1
www.moa.gov.cn,China,Government,https://www.gov.cn/?tid=1
www.mofcom.gov.cn,China,Government,https://www.gov.cn/?tid=1
www.nhc.gov.cn,China,Government,https://www.gov.cn/?tid=1
www.beijing.gov.cn,China,Government,https://www.gov.cn/?tid=1
www.tj.gov.cn,China,Government,https://www.gov.cn/?tid=1
www.hebei.gov.cn,China,Government,https://www.gov.cn/?tid=1
www.shanxi.gov.cn,China,Government,https://www.gov.cn/?tid=1
www.nmg.gov.cn,China,Government,https://www.gov.cn/?tid=1
www.ln.gov.cn,China,Government,https://www.gov.cn/?tid=1
www.jl.gov.cn,China,Government,https://www.gov.cn/?tid=1
www.hlj.gov.cn,China,Government,https://www.gov.cn/?tid=1
www.shanghai.gov.cn,China,Government,https://www.gov.cn/?tid=1
www.jiangsu.gov.cn,China,Government,https://www.gov.cn/?tid=1
www.zj.gov.cn,China,Government,https://www.gov.cn/?tid=1
www.ah.gov.cn,China,Government,https://www.gov.cn/?tid=1
www.fujian.gov.cn,China,Government,https://www.gov.cn/?tid=1
www.jiangxi.gov.cn,China,Government,https://www.gov.cn/?tid=1
www.shandong.gov.cn,China,Government,https://www.gov.cn/?tid=1
www.henan.gov.cn,China,Government,https://www.gov.cn/?tid=1
www.hubei.gov.cn,China,Government,https://www.gov.cn/?tid=1
www.hunan.gov.cn,China,Government,https://www.gov.cn/?tid=1
www.gd.gov.cn,China,Government,https://www.gov.cn/?tid=1
www.gxzf.gov.cn,China,Government,https://www.gov.cn/?tid=1
www.hainan.gov.cn,China,Government,https://www.gov.cn/?tid=1
www.cq.gov.cn,China,Government,https://www.gov.cn/?tid=1
www.sc.gov.cn,China,Government,https://www.gov.cn/?tid=1
www.guizhou.gov.cn,China,Government,https://www.gov.cn/?tid=1
www.yn.gov.cn,China,Government,https://www.gov.cn/?tid=1
www.xizang.gov.cn,China,Government,https://www.gov.cn/?tid=1
www.shaanxi.gov.cn,China,Government,https://www.gov.cn/?tid=1
www.gansu.gov.cn,China,Government,https://www.gov.cn/?tid=1
www.qinghai.gov.cn,China,Government,https://www.gov.cn/?tid=1
www.nx.gov.cn,China,Government,https://www.gov.cn/?tid=1
www.xinjiang.gov.cn,China,Government,https://www.gov.cn/?tid=1
www.audit.gov.cn,China,Government,https://www.scopsr.gov.cn/zlzx/jggk/gwyjg/index.html
www.mct.gov.cn,China,Government,https://www.scopsr.gov.cn/zlzx/jggk/gwyjg/index.html
www.mva.gov.cn,China,Government,https://www.scopsr.gov.cn/zlzx/jggk/gwyjg/index.html
www.jinan.gov.cn,China,Government,https://www.gov.cn/?tid=1
www.chinatax.gov.cn,China,Government,https://www.scopsr.gov.cn/zlzx/jggk/gwyjg/index.html
www.stats.gov.cn,China,Government,https://www.scopsr.gov.cn/zlzx/jggk/gwyjg/index.html
www.nrta.gov.cn,China,Government,https://www.scopsr.gov.cn/zlzx/jggk/gwyjg/index.html
www.sport.gov.cn,China,Government,https://www.scopsr.gov.cn/zlzx/jggk/gwyjg/index.html
www.cidca.gov.cn,China,Government,https://www.scopsr.gov.cn/zlzx/jggk/gwyjg/index.html
www.nia.gov.cn,China,Government,https://www.scopsr.gov.cn/zlzx/jggk/gwyjg/index.html
www.counsellor.gov.cn,China,Government,https://www.scopsr.gov.cn/zlzx/jggk/gwyjg/index.html
www.ggj.gov.cn,China,Government,https://www.scopsr.gov.cn/zlzx/jggk/gwyjg/index.html
www.cac.gov.cn,China,Government,https://www.scopsr.gov.cn/zlzx/jggk/gwyjg/index.html
www.hmo.gov.cn,China,Government,https://www.scopsr.gov.cn/zlzx/jggk/gwyjg/index.html
www.gwytb.gov.cn,China,Government,https://www.scopsr.gov.cn/zlzx/jggk/gwyjg/index.html
www.scio.gov.cn,China,Government,https://www.scopsr.gov.cn/zlzx/jggk/gwyjg/index.html
www.cas.cn,China,Government,https://www.scopsr.gov.cn/zlzx/jggk/gwyjg/index.html
www.cae.cn,China,Government,https://www.scopsr.gov.cn/zlzx/jggk/gwyjg/index.html
www.cma.gov.cn,China,Government,https://www.scopsr.gov.cn/zlzx/jggk/gwyjg/index.html
www.drc.gov.cn,China,Government,https://www.scopsr.gov.cn/zlzx/jggk/gwyjg/index.html
www.nra.gov.cn,China,Government,https://www.scopsr.gov.cn/zlzx/jggk/gwyjg/index.html
www.caac.gov.cn,China,Government,https://www.scopsr.gov.cn/zlzx/jggk/gwyjg/index.html
www.sastind.gov.cn,China,Government,https://www.scopsr.gov.cn/zlzx/jggk/gwyjg/index.html
www.forestry.gov.cn,China,Government,https://www.scopsr.gov.cn/zlzx/jggk/gwyjg/index.html
www.zhengzhou.gov.cn,China,Government,https://www.gov.cn/?tid=1
www.wuhan.gov.cn,China,Government,https://www.gov.cn/?tid=1
www.nmpa.gov.cn,China,Government,https://www.scopsr.gov.cn/zlzx/jggk/gwyjg/index.html
www.gz.gov.cn,China,Government,https://www.gov.cn/?tid=1
www.safe.gov.cn,China,Government,https://www.scopsr.gov.cn/zlzx/jggk/gwyjg/index.html
www.lswz.gov.cn,China,Government,https://www.scopsr.gov.cn/zlzx/jggk/gwyjg/index.html
www.nea.gov.cn,China,Government,https://www.scopsr.gov.cn/zlzx/jggk/gwyjg/index.html
www.cnipa.gov.cn,China,Government,https://www.scopsr.gov.cn/zlzx/jggk/gwyjg/index.html
www.csrc.gov.cn,China,Government,https://www.scopsr.gov.cn/zlzx/jggk/gwyjg/index.html
www.mem.gov.cn,China,Government,https://www.scopsr.gov.cn/zlzx/jggk/gwyjg/index.html
www.nda.gov.cn,China,Government,https://www.scopsr.gov.cn/zlzx/jggk/gwyjg/index.html
www.nfra.gov.cn,China,Government,https://www.scopsr.gov.cn/zlzx/jggk/gwyjg/index.html
www.nsfc.gov.cn,China,Government,https://www.scopsr.gov.cn/zlzx/jggk/gwyjg/index.html
www.spp.gov.cn,China,Government,https://www.scopsr.gov.cn/zlzx/jggk/gwyjg/index.html
www.npc.gov.cn,China,Government,https://www.scopsr.gov.cn/zlzx/jggk/gwyjg/index.html
www.cppcc.gov.cn,China,Government,https://www.scopsr.gov.cn/zlzx/jggk/gwyjg/index.html
www.court.gov.cn,China,Government,https://www.scopsr.gov.cn/zlzx/jggk/gwyjg/index.html
www.cea.gov.cn,China,Government,https://www.scopsr.gov.cn/zlzx/jggk/gwyjg/index.html
www.saac.gov.cn,China,Government,https://www.scopsr.gov.cn/zlzx/jggk/gwyjg/index.html
www.shenyang.gov.cn,China,Government,https://www.gov.cn/?tid=1
www.changchun.gov.cn,China,Government,https://www.gov.cn/?tid=1
www.haikou.gov.cn,China,Government,https://www.gov.cn/?tid=1
www.nanjing.gov.cn,China,Government,https://www.gov.cn/?tid=1
www.hangzhou.gov.cn,China,Government,https://www.gov.cn/?tid=1
www.hefei.gov.cn,China,Government,https://www.gov.cn/?tid=1
www.fuzhou.gov.cn,China,Government,https://www.gov.cn/?tid=1
www.pku.edu.cn,China,Education,https://www.moe.gov.cn/jyb_xxgk/s5743/s5744/A03/202606/t20260618_1441074.html
www.tsinghua.edu.cn,China,Education,https://www.moe.gov.cn/jyb_xxgk/s5743/s5744/A03/202606/t20260618_1441074.html
www.ruc.edu.cn,China,Education,https://www.moe.gov.cn/jyb_xxgk/s5743/s5744/A03/202606/t20260618_1441074.html
www.bnu.edu.cn,China,Education,https://www.moe.gov.cn/jyb_xxgk/s5743/s5744/A03/202606/t20260618_1441074.html
www.buaa.edu.cn,China,Education,https://www.moe.gov.cn/jyb_xxgk/s5743/s5744/A03/202606/t20260618_1441074.html
www.bit.edu.cn,China,Education,https://www.moe.gov.cn/jyb_xxgk/s5743/s5744/A03/202606/t20260618_1441074.html
www.ustb.edu.cn,China,Education,https://www.moe.gov.cn/jyb_xxgk/s5743/s5744/A03/202606/t20260618_1441074.html
www.buct.edu.cn,China,Education,https://www.moe.gov.cn/jyb_xxgk/s5743/s5744/A03/202606/t20260618_1441074.html
www.bjut.edu.cn,China,Education,https://www.moe.gov.cn/jyb_xxgk/s5743/s5744/A03/202606/t20260618_1441074.html
www.cau.edu.cn,China,Education,https://www.moe.gov.cn/jyb_xxgk/s5743/s5744/A03/202606/t20260618_1441074.html
www.cufe.edu.cn,China,Education,https://www.moe.gov.cn/jyb_xxgk/s5743/s5744/A03/202606/t20260618_1441074.html
www.uibe.edu.cn,China,Education,https://www.moe.gov.cn/jyb_xxgk/s5743/s5744/A03/202606/t20260618_1441074.html
www.cuc.edu.cn,China,Education,https://www.moe.gov.cn/jyb_xxgk/s5743/s5744/A03/202606/t20260618_1441074.html
www.bupt.edu.cn,China,Education,https://www.moe.gov.cn/jyb_xxgk/s5743/s5744/A03/202606/t20260618_1441074.html
www.bfsu.edu.cn,China,Education,https://www.moe.gov.cn/jyb_xxgk/s5743/s5744/A03/202606/t20260618_1441074.html
www.fudan.edu.cn,China,Education,https://www.moe.gov.cn/jyb_xxgk/s5743/s5744/A03/202606/t20260618_1441074.html
www.sjtu.edu.cn,China,Education,https://www.moe.gov.cn/jyb_xxgk/s5743/s5744/A03/202606/t20260618_1441074.html
www.tongji.edu.cn,China,Education,https://www.moe.gov.cn/jyb_xxgk/s5743/s5744/A03/202606/t20260618_1441074.html
www.ecnu.edu.cn,China,Education,https://www.moe.gov.cn/jyb_xxgk/s5743/s5744/A03/202606/t20260618_1441074.html
www.ecust.edu.cn,China,Education,https://www.moe.gov.cn/jyb_xxgk/s5743/s5744/A03/202606/t20260618_1441074.html
www.nankai.edu.cn,China,Education,https://www.moe.gov.cn/jyb_xxgk/s5743/s5744/A03/202606/t20260618_1441074.html
www.tju.edu.cn,China,Education,https://www.moe.gov.cn/jyb_xxgk/s5743/s5744/A03/202606/t20260618_1441074.html
www.zju.edu.cn,China,Education,https://www.moe.gov.cn/jyb_xxgk/s5743/s5744/A03/202606/t20260618_1441074.html
www.nju.edu.cn,China,Education,https://www.moe.gov.cn/jyb_xxgk/s5743/s5744/A03/202606/t20260618_1441074.html
www.seu.edu.cn,China,Education,https://www.moe.gov.cn/jyb_xxgk/s5743/s5744/A03/202606/t20260618_1441074.html
www.suda.edu.cn,China,Education,https://www.moe.gov.cn/jyb_xxgk/s5743/s5744/A03/202606/t20260618_1441074.html
www.nuaa.edu.cn,China,Education,https://www.moe.gov.cn/jyb_xxgk/s5743/s5744/A03/202606/t20260618_1441074.html
www.njust.edu.cn,China,Education,https://www.moe.gov.cn/jyb_xxgk/s5743/s5744/A03/202606/t20260618_1441074.html
www.ustc.edu.cn,China,Education,https://www.moe.gov.cn/jyb_xxgk/s5743/s5744/A03/202606/t20260618_1441074.html
www.hfut.edu.cn,China,Education,https://www.moe.gov.cn/jyb_xxgk/s5743/s5744/A03/202606/t20260618_1441074.html
www.xmu.edu.cn,China,Education,https://www.moe.gov.cn/jyb_xxgk/s5743/s5744/A03/202606/t20260618_1441074.html
www.fzu.edu.cn,China,Education,https://www.moe.gov.cn/jyb_xxgk/s5743/s5744/A03/202606/t20260618_1441074.html
www.sdu.edu.cn,China,Education,https://www.moe.gov.cn/jyb_xxgk/s5743/s5744/A03/202606/t20260618_1441074.html
www.ouc.edu.cn,China,Education,https://www.moe.gov.cn/jyb_xxgk/s5743/s5744/A03/202606/t20260618_1441074.html
www.whu.edu.cn,China,Education,https://www.moe.gov.cn/jyb_xxgk/s5743/s5744/A03/202606/t20260618_1441074.html
www.hust.edu.cn,China,Education,https://www.moe.gov.cn/jyb_xxgk/s5743/s5744/A03/202606/t20260618_1441074.html
www.csu.edu.cn,China,Education,https://www.moe.gov.cn/jyb_xxgk/s5743/s5744/A03/202606/t20260618_1441074.html
www.hnu.edu.cn,China,Education,https://www.moe.gov.cn/jyb_xxgk/s5743/s5744/A03/202606/t20260618_1441074.html
www.sysu.edu.cn,China,Education,https://www.moe.gov.cn/jyb_xxgk/s5743/s5744/A03/202606/t20260618_1441074.html
www.scut.edu.cn,China,Education,https://www.moe.gov.cn/jyb_xxgk/s5743/s5744/A03/202606/t20260618_1441074.html
www.jnu.edu.cn,China,Education,https://www.moe.gov.cn/jyb_xxgk/s5743/s5744/A03/202606/t20260618_1441074.html
www.hit.edu.cn,China,Education,https://www.moe.gov.cn/jyb_xxgk/s5743/s5744/A03/202606/t20260618_1441074.html
www.jlu.edu.cn,China,Education,https://www.moe.gov.cn/jyb_xxgk/s5743/s5744/A03/202606/t20260618_1441074.html
www.dlut.edu.cn,China,Education,https://www.moe.gov.cn/jyb_xxgk/s5743/s5744/A03/202606/t20260618_1441074.html
www.neu.edu.cn,China,Education,https://www.moe.gov.cn/jyb_xxgk/s5743/s5744/A03/202606/t20260618_1441074.html
www.scu.edu.cn,China,Education,https://www.moe.gov.cn/jyb_xxgk/s5743/s5744/A03/202606/t20260618_1441074.html
www.uestc.edu.cn,China,Education,https://www.moe.gov.cn/jyb_xxgk/s5743/s5744/A03/202606/t20260618_1441074.html
www.cqu.edu.cn,China,Education,https://www.moe.gov.cn/jyb_xxgk/s5743/s5744/A03/202606/t20260618_1441074.html
www.xjtu.edu.cn,China,Education,https://www.moe.gov.cn/jyb_xxgk/s5743/s5744/A03/202606/t20260618_1441074.html
www.nwpu.edu.cn,China,Education,https://www.moe.gov.cn/jyb_xxgk/s5743/s5744/A03/202606/t20260618_1441074.html
www.bjtu.edu.cn,China,Education,https://www.moe.gov.cn/jyb_xxgk/s5743/s5744/A03/202606/t20260618_1441074.html
www.bjfu.edu.cn,China,Education,https://www.moe.gov.cn/jyb_xxgk/s5743/s5744/A03/202606/t20260618_1441074.html
www.cugb.edu.cn,China,Education,https://www.moe.gov.cn/jyb_xxgk/s5743/s5744/A03/202606/t20260618_1441074.html
www.cup.edu.cn,China,Education,https://www.moe.gov.cn/jyb_xxgk/s5743/s5744/A03/202606/t20260618_1441074.html
www.cumtb.edu.cn,China,Education,https://www.moe.gov.cn/jyb_xxgk/s5743/s5744/A03/202606/t20260618_1441074.html
www.ncepu.edu.cn,China,Education,https://www.moe.gov.cn/jyb_xxgk/s5743/s5744/A03/202606/t20260618_1441074.html
www.cnu.edu.cn,China,Education,https://www.moe.gov.cn/jyb_xxgk/s5743/s5744/A03/202606/t20260618_1441074.html
www.shufe.edu.cn,China,Education,https://www.moe.gov.cn/jyb_xxgk/s5743/s5744/A03/202606/t20260618_1441074.html
www.dhu.edu.cn,China,Education,https://www.moe.gov.cn/jyb_xxgk/s5743/s5744/A03/202606/t20260618_1441074.html
www.shisu.edu.cn,China,Education,https://www.moe.gov.cn/jyb_xxgk/s5743/s5744/A03/202606/t20260618_1441074.html
www.shu.edu.cn,China,Education,https://www.moe.gov.cn/jyb_xxgk/s5743/s5744/A03/202606/t20260618_1441074.html
www.hhu.edu.cn,China,Education,https://www.moe.gov.cn/jyb_xxgk/s5743/s5744/A03/202606/t20260618_1441074.html
www.njau.edu.cn,China,Education,https://www.moe.gov.cn/jyb_xxgk/s5743/s5744/A03/202606/t20260618_1441074.html
www.njupt.edu.cn,China,Education,https://www.moe.gov.cn/jyb_xxgk/s5743/s5744/A03/202606/t20260618_1441074.html
www.njnu.edu.cn,China,Education,https://www.moe.gov.cn/jyb_xxgk/s5743/s5744/A03/202606/t20260618_1441074.html
www.zjut.edu.cn,China,Education,https://www.moe.gov.cn/jyb_xxgk/s5743/s5744/A03/202606/t20260618_1441074.html
www.ahu.edu.cn,China,Education,https://www.moe.gov.cn/jyb_xxgk/s5743/s5744/A03/202606/t20260618_1441074.html
www.hqu.edu.cn,China,Education,https://www.moe.gov.cn/jyb_xxgk/s5743/s5744/A03/202606/t20260618_1441074.html
www.upc.edu.cn,China,Education,https://www.moe.gov.cn/jyb_xxgk/s5743/s5744/A03/202606/t20260618_1441074.html
www.qdu.edu.cn,China,Education,https://www.moe.gov.cn/jyb_xxgk/s5743/s5744/A03/202606/t20260618_1441074.html
www.cug.edu.cn,China,Education,https://www.moe.gov.cn/jyb_xxgk/s5743/s5744/A03/202606/t20260618_1441074.html
www.whut.edu.cn,China,Education,https://www.moe.gov.cn/jyb_xxgk/s5743/s5744/A03/202606/t20260618_1441074.html
www.hzau.edu.cn,China,Education,https://www.moe.gov.cn/jyb_xxgk/s5743/s5744/A03/202606/t20260618_1441074.html
www.ccnu.edu.cn,China,Education,https://www.moe.gov.cn/jyb_xxgk/s5743/s5744/A03/202606/t20260618_1441074.html
www.zuel.edu.cn,China,Education,https://www.moe.gov.cn/jyb_xxgk/s5743/s5744/A03/202606/t20260618_1441074.html
www.xtu.edu.cn,China,Education,https://www.moe.gov.cn/jyb_xxgk/s5743/s5744/A03/202606/t20260618_1441074.html
www.gdut.edu.cn,China,Education,https://www.moe.gov.cn/jyb_xxgk/s5743/s5744/A03/202606/t20260618_1441074.html
www.scnu.edu.cn,China,Education,https://www.moe.gov.cn/jyb_xxgk/s5743/s5744/A03/202606/t20260618_1441074.html
www.qhu.edu.cn,China,Education,https://www.moe.gov.cn/jyb_xxgk/s5743/s5744/A03/202606/t20260618_1441074.html
www.swufe.edu.cn,China,Education,https://www.moe.gov.cn/jyb_xxgk/s5743/s5744/A03/202606/t20260618_1441074.html
www.swu.edu.cn,China,Education,https://www.moe.gov.cn/jyb_xxgk/s5743/s5744/A03/202606/t20260618_1441074.html
www.xidian.edu.cn,China,Education,https://www.moe.gov.cn/jyb_xxgk/s5743/s5744/A03/202606/t20260618_1441074.html
www.snnu.edu.cn,China,Education,https://www.moe.gov.cn/jyb_xxgk/s5743/s5744/A03/202606/t20260618_1441074.html
www.nwafu.edu.cn,China,Education,https://www.moe.gov.cn/jyb_xxgk/s5743/s5744/A03/202606/t20260618_1441074.html
www.chd.edu.cn,China,Education,https://www.moe.gov.cn/jyb_xxgk/s5743/s5744/A03/202606/t20260618_1441074.html
www.lzu.edu.cn,China,Education,https://www.moe.gov.cn/jyb_xxgk/s5743/s5744/A03/202606/t20260618_1441074.html
www.nefu.edu.cn,China,Education,https://www.moe.gov.cn/jyb_xxgk/s5743/s5744/A03/202606/t20260618_1441074.html
www.neau.edu.cn,China,Education,https://www.moe.gov.cn/jyb_xxgk/s5743/s5744/A03/202606/t20260618_1441074.html
www.nenu.edu.cn,China,Education,https://www.moe.gov.cn/jyb_xxgk/s5743/s5744/A03/202606/t20260618_1441074.html
www.dmu.edu.cn,China,Education,https://www.moe.gov.cn/jyb_xxgk/s5743/s5744/A03/202606/t20260618_1441074.html
www.zzu.edu.cn,China,Education,https://www.moe.gov.cn/jyb_xxgk/s5743/s5744/A03/202606/t20260618_1441074.html
www.ncu.edu.cn,China,Education,https://www.moe.gov.cn/jyb_xxgk/s5743/s5744/A03/202606/t20260618_1441074.html
www.gxu.edu.cn,China,Education,https://www.moe.gov.cn/jyb_xxgk/s5743/s5744/A03/202606/t20260618_1441074.html
www.ynu.edu.cn,China,Education,https://www.moe.gov.cn/jyb_xxgk/s5743/s5744/A03/202606/t20260618_1441074.html
www.gzu.edu.cn,China,Education,https://www.moe.gov.cn/jyb_xxgk/s5743/s5744/A03/202606/t20260618_1441074.html
www.hainanu.edu.cn,China,Education,https://www.moe.gov.cn/jyb_xxgk/s5743/s5744/A03/202606/t20260618_1441074.html
www.xju.edu.cn,China,Education,https://www.moe.gov.cn/jyb_xxgk/s5743/s5744/A03/202606/t20260618_1441074.html
www.shzu.edu.cn,China,Education,https://www.moe.gov.cn/jyb_xxgk/s5743/s5744/A03/202606/t20260618_1441074.html
www.imu.edu.cn,China,Education,https://www.moe.gov.cn/jyb_xxgk/s5743/s5744/A03/202606/t20260618_1441074.html
www.nxu.edu.cn,China,Education,https://www.moe.gov.cn/jyb_xxgk/s5743/s5744/A03/202606/t20260618_1441074.html
www.gov.sg,Singapore,Government,https://www.sgdi.gov.sg/
www.pmo.gov.sg,Singapore,Government,https://www.sgdi.gov.sg/ministries
www.mof.gov.sg,Singapore,Government,https://www.sgdi.gov.sg/ministries
www.mti.gov.sg,Singapore,Government,https://www.sgdi.gov.sg/ministries
www.mom.gov.sg,Singapore,Government,https://www.sgdi.gov.sg/ministries
www.moh.gov.sg,Singapore,Government,https://www.sgdi.gov.sg/ministries
www.moe.gov.sg,Singapore,Government,https://www.sgdi.gov.sg/ministries
www.mha.gov.sg,Singapore,Government,https://www.sgdi.gov.sg/ministries
www.mlaw.gov.sg,Singapore,Government,https://www.sgdi.gov.sg/ministries
www.mnd.gov.sg,Singapore,Government,https://www.sgdi.gov.sg/ministries
www.msf.gov.sg,Singapore,Government,https://www.sgdi.gov.sg/ministries
www.mccy.gov.sg,Singapore,Government,https://www.sgdi.gov.sg/ministries
www.mddi.gov.sg,Singapore,Government,https://www.sgdi.gov.sg/ministries
www.mse.gov.sg,Singapore,Government,https://www.sgdi.gov.sg/ministries
www.mot.gov.sg,Singapore,Government,https://www.sgdi.gov.sg/ministries
www.mfa.gov.sg,Singapore,Government,https://www.sgdi.gov.sg/ministries
www.mindef.gov.sg,Singapore,Government,https://www.sgdi.gov.sg/ministries
www.psd.gov.sg,Singapore,Government,https://www.sgdi.gov.sg/ministries
www.mas.gov.sg,Singapore,Government,https://www.sgdi.gov.sg/statutory-boards
www.acra.gov.sg,Singapore,Government,https://www.sgdi.gov.sg/statutory-boards
www.a-star.edu.sg,Singapore,Government,https://www.sgdi.gov.sg/statutory-boards
www.bca.gov.sg,Singapore,Government,https://www.sgdi.gov.sg/statutory-boards
www.caas.gov.sg,Singapore,Government,https://www.sgdi.gov.sg/statutory-boards
www.cpf.gov.sg,Singapore,Government,https://www.sgdi.gov.sg/statutory-boards
www.edb.gov.sg,Singapore,Government,https://www.sgdi.gov.sg/statutory-boards
www.ema.gov.sg,Singapore,Government,https://www.sgdi.gov.sg/statutory-boards
www.enterprisesg.gov.sg,Singapore,Government,https://www.sgdi.gov.sg/statutory-boards
www.govtech.gov.sg,Singapore,Government,https://www.sgdi.gov.sg/statutory-boards
www.hdb.gov.sg,Singapore,Government,https://www.sgdi.gov.sg/statutory-boards
www.hpb.gov.sg,Singapore,Government,https://www.sgdi.gov.sg/statutory-boards
www.hsa.gov.sg,Singapore,Government,https://www.sgdi.gov.sg/statutory-boards
www.imda.gov.sg,Singapore,Government,https://www.sgdi.gov.sg/statutory-boards
www.iras.gov.sg,Singapore,Government,https://www.sgdi.gov.sg/statutory-boards
www.ipos.gov.sg,Singapore,Government,https://www.sgdi.gov.sg/statutory-boards
www.jtc.gov.sg,Singapore,Government,https://www.sgdi.gov.sg/statutory-boards
www.lta.gov.sg,Singapore,Government,https://www.sgdi.gov.sg/statutory-boards
www.mpa.gov.sg,Singapore,Government,https://www.sgdi.gov.sg/statutory-boards
www.muis.gov.sg,Singapore,Government,https://www.sgdi.gov.sg/statutory-boards
www.nac.gov.sg,Singapore,Government,https://www.sgdi.gov.sg/statutory-boards
www.nea.gov.sg,Singapore,Government,https://www.sgdi.gov.sg/statutory-boards
www.nhb.gov.sg,Singapore,Government,https://www.sgdi.gov.sg/statutory-boards
www.nlb.gov.sg,Singapore,Government,https://www.sgdi.gov.sg/statutory-boards
www.nparks.gov.sg,Singapore,Government,https://www.sgdi.gov.sg/statutory-boards
www.pub.gov.sg,Singapore,Government,https://www.sgdi.gov.sg/statutory-boards
www.sla.gov.sg,Singapore,Government,https://www.sgdi.gov.sg/statutory-boards
www.sport.gov.sg,Singapore,Government,https://www.sgdi.gov.sg/statutory-boards
www.stb.gov.sg,Singapore,Government,https://www.sgdi.gov.sg/statutory-boards
www.ura.gov.sg,Singapore,Government,https://www.sgdi.gov.sg/statutory-boards
www.csa.gov.sg,Singapore,Government,https://www.sgdi.gov.sg/statutory-boards
www.ica.gov.sg,Singapore,Government,https://www.sgdi.gov.sg/
www.boa.gov.sg,Singapore,Government,https://www.sgdi.gov.sg/statutory-boards
www.csc.gov.sg,Singapore,Government,https://www.sgdi.gov.sg/statutory-boards
www.cda.gov.sg,Singapore,Government,https://www.sgdi.gov.sg/statutory-boards
www.ccs.gov.sg,Singapore,Government,https://www.sgdi.gov.sg/statutory-boards
www.cea.gov.sg,Singapore,Government,https://www.sgdi.gov.sg/statutory-boards
www.dsta.gov.sg,Singapore,Government,https://www.sgdi.gov.sg/statutory-boards
www.gra.gov.sg,Singapore,Government,https://www.sgdi.gov.sg/statutory-boards
www.htx.gov.sg,Singapore,Government,https://www.sgdi.gov.sg/statutory-boards
www.hlb.gov.sg,Singapore,Government,https://www.sgdi.gov.sg/statutory-boards
lsb.mlaw.gov.sg,Singapore,Government,https://www.sgdi.gov.sg/statutory-boards
www.ncss.gov.sg,Singapore,Government,https://www.sgdi.gov.sg/statutory-boards
www.pa.gov.sg,Singapore,Government,https://www.sgdi.gov.sg/statutory-boards
www.peb.gov.sg,Singapore,Government,https://www.sgdi.gov.sg/statutory-boards
www.ptc.gov.sg,Singapore,Government,https://www.sgdi.gov.sg/statutory-boards
www.sentosa.gov.sg,Singapore,Government,https://www.sgdi.gov.sg/statutory-boards
www.seab.gov.sg,Singapore,Government,https://www.sgdi.gov.sg/statutory-boards
www.sfa.gov.sg,Singapore,Government,https://www.sgdi.gov.sg/statutory-boards
www.skillsfuture.gov.sg,Singapore,Government,https://www.sgdi.gov.sg/statutory-boards
www.toteboard.gov.sg,Singapore,Government,https://www.sgdi.gov.sg/statutory-boards
www.yellowribbon.gov.sg,Singapore,Government,https://www.sgdi.gov.sg/statutory-boards
www.agc.gov.sg,Singapore,Government,https://www.sgdi.gov.sg/organs-of-state
www.ago.gov.sg,Singapore,Government,https://www.sgdi.gov.sg/organs-of-state
www.iac.gov.sg,Singapore,Government,https://www.sgdi.gov.sg/organs-of-state
www.istana.gov.sg,Singapore,Government,https://www.sgdi.gov.sg/organs-of-state
www.judiciary.gov.sg,Singapore,Government,https://www.sgdi.gov.sg/organs-of-state
www.familyjusticecourts.gov.sg,Singapore,Government,https://www.sgdi.gov.sg/organs-of-state
www.supremecourt.gov.sg,Singapore,Government,https://www.sgdi.gov.sg/organs-of-state
www.parliament.gov.sg,Singapore,Government,https://www.sgdi.gov.sg/organs-of-state
www.psc.gov.sg,Singapore,Government,https://www.sgdi.gov.sg/organs-of-state
www.cabinet.gov.sg,Singapore,Government,https://www.sgdi.gov.sg/organs-of-state
www.customs.gov.sg,Singapore,Government,https://www.sgdi.gov.sg/
www.police.gov.sg,Singapore,Government,https://www.sgdi.gov.sg/
www.scdf.gov.sg,Singapore,Government,https://www.sgdi.gov.sg/
www.sps.gov.sg,Singapore,Government,https://www.sgdi.gov.sg/
www.eld.gov.sg,Singapore,Government,https://www.sgdi.gov.sg/
www.tech.gov.sg,Singapore,Government,https://www.sgdi.gov.sg/
www.smartnation.gov.sg,Singapore,Government,https://www.sgdi.gov.sg/
www.strategygroup.gov.sg,Singapore,Government,https://www.sgdi.gov.sg/
www.population.gov.sg,Singapore,Government,https://www.sgdi.gov.sg/
www.data.gov.sg,Singapore,Government,https://www.sgdi.gov.sg/
www.open.gov.sg,Singapore,Government,https://www.sgdi.gov.sg/
www.careers.gov.sg,Singapore,Government,https://www.sgdi.gov.sg/
www.reach.gov.sg,Singapore,Government,https://www.sgdi.gov.sg/
ask.gov.sg,Singapore,Government,https://www.sgdi.gov.sg/
form.gov.sg,Singapore,Government,https://www.sgdi.gov.sg/
go.gov.sg,Singapore,Government,https://www.sgdi.gov.sg/
www.singpass.gov.sg,Singapore,Government,https://www.sgdi.gov.sg/
www.corppass.gov.sg,Singapore,Government,https://www.sgdi.gov.sg/
www.vica.gov.sg,Singapore,Government,https://www.sgdi.gov.sg/
www.avs.gov.sg,Singapore,Government,https://www.sgdi.gov.sg/
admiraltypri.moe.edu.sg,Singapore,Education,https://data.gov.sg/datasets/d_688b934f82c1059ed0a6993d2a829089/view
www.admiraltysec.moe.edu.sg,Singapore,Education,https://data.gov.sg/datasets/d_688b934f82c1059ed0a6993d2a829089/view
www.ahmadibrahimpri.moe.edu.sg,Singapore,Education,https://data.gov.sg/datasets/d_688b934f82c1059ed0a6993d2a829089/view
www.ahmadibrahimsec.moe.edu.sg,Singapore,Education,https://data.gov.sg/datasets/d_688b934f82c1059ed0a6993d2a829089/view
www.aitong.moe.edu.sg,Singapore,Education,https://data.gov.sg/datasets/d_688b934f82c1059ed0a6993d2a829089/view
alexandrapri.moe.edu.sg,Singapore,Education,https://data.gov.sg/datasets/d_688b934f82c1059ed0a6993d2a829089/view
www.anchorgreenpri.moe.edu.sg,Singapore,Education,https://data.gov.sg/datasets/d_688b934f82c1059ed0a6993d2a829089/view
www.andersonpri.moe.edu.sg,Singapore,Education,https://data.gov.sg/datasets/d_688b934f82c1059ed0a6993d2a829089/view
www.andersonsec.moe.edu.sg,Singapore,Education,https://data.gov.sg/datasets/d_688b934f82c1059ed0a6993d2a829089/view
www.asrjc.moe.edu.sg,Singapore,Education,https://data.gov.sg/datasets/d_688b934f82c1059ed0a6993d2a829089/view
www.angmokiopri.moe.edu.sg,Singapore,Education,https://data.gov.sg/datasets/d_688b934f82c1059ed0a6993d2a829089/view
www.angmokiosec.moe.edu.sg,Singapore,Education,https://data.gov.sg/datasets/d_688b934f82c1059ed0a6993d2a829089/view
www.anglicanhigh.moe.edu.sg,Singapore,Education,https://data.gov.sg/datasets/d_688b934f82c1059ed0a6993d2a829089/view
acjc.moe.edu.sg,Singapore,Education,https://data.gov.sg/datasets/d_688b934f82c1059ed0a6993d2a829089/view
www.acsbr.moe.edu.sg,Singapore,Education,https://data.gov.sg/datasets/d_688b934f82c1059ed0a6993d2a829089/view
www.acsindep.moe.edu.sg,Singapore,Education,https://data.gov.sg/datasets/d_688b934f82c1059ed0a6993d2a829089/view
www.acsj.moe.edu.sg,Singapore,Education,https://data.gov.sg/datasets/d_688b934f82c1059ed0a6993d2a829089/view
www.acspri.moe.edu.sg,Singapore,Education,https://data.gov.sg/datasets/d_688b934f82c1059ed0a6993d2a829089/view
angsanapri.moe.edu.sg,Singapore,Education,https://data.gov.sg/datasets/d_688b934f82c1059ed0a6993d2a829089/view
www.assumptionenglish.moe.edu.sg,Singapore,Education,https://data.gov.sg/datasets/d_688b934f82c1059ed0a6993d2a829089/view
www.aps.edu.sg,Singapore,Education,https://data.gov.sg/datasets/d_688b934f82c1059ed0a6993d2a829089/view
www.bartleysec.moe.edu.sg,Singapore,Education,https://data.gov.sg/datasets/d_688b934f82c1059ed0a6993d2a829089/view
beaconpri.moe.edu.sg,Singapore,Education,https://data.gov.sg/datasets/d_688b934f82c1059ed0a6993d2a829089/view
www.beattysec.moe.edu.sg,Singapore,Education,https://data.gov.sg/datasets/d_688b934f82c1059ed0a6993d2a829089/view
www.bedokgreenpri.moe.edu.sg,Singapore,Education,https://data.gov.sg/datasets/d_688b934f82c1059ed0a6993d2a829089/view
www.bedokgreensec.moe.edu.sg,Singapore,Education,https://data.gov.sg/datasets/d_688b934f82c1059ed0a6993d2a829089/view
www.bedoksouthsec.moe.edu.sg,Singapore,Education,https://data.gov.sg/datasets/d_688b934f82c1059ed0a6993d2a829089/view
www.bedokviewsec.moe.edu.sg,Singapore,Education,https://data.gov.sg/datasets/d_688b934f82c1059ed0a6993d2a829089/view
www.bendemeerpri.moe.edu.sg,Singapore,Education,https://data.gov.sg/datasets/d_688b934f82c1059ed0a6993d2a829089/view
www.bendemeersec.moe.edu.sg,Singapore,Education,https://data.gov.sg/datasets/d_688b934f82c1059ed0a6993d2a829089/view
www.blangahrisepri.moe.edu.sg,Singapore,Education,https://data.gov.sg/datasets/d_688b934f82c1059ed0a6993d2a829089/view
www.boonlaygardenpri.moe.edu.sg,Singapore,Education,https://data.gov.sg/datasets/d_688b934f82c1059ed0a6993d2a829089/view
www.boonlaysec.moe.edu.sg,Singapore,Education,https://data.gov.sg/datasets/d_688b934f82c1059ed0a6993d2a829089/view
www.bowensec.moe.edu.sg,Singapore,Education,https://data.gov.sg/datasets/d_688b934f82c1059ed0a6993d2a829089/view
www.broadricksec.moe.edu.sg,Singapore,Education,https://data.gov.sg/datasets/d_688b934f82c1059ed0a6993d2a829089/view
www.bukitbatoksec.moe.edu.sg,Singapore,Education,https://data.gov.sg/datasets/d_688b934f82c1059ed0a6993d2a829089/view
www.bukitmerahsec.moe.edu.sg,Singapore,Education,https://data.gov.sg/datasets/d_688b934f82c1059ed0a6993d2a829089/view
www.bpghs.moe.edu.sg,Singapore,Education,https://data.gov.sg/datasets/d_688b934f82c1059ed0a6993d2a829089/view
www.bukitpanjangpri.moe.edu.sg,Singapore,Education,https://data.gov.sg/datasets/d_688b934f82c1059ed0a6993d2a829089/view
www.bukittimahpri.moe.edu.sg,Singapore,Education,https://data.gov.sg/datasets/d_688b934f82c1059ed0a6993d2a829089/view
www.bukitviewpri.moe.edu.sg,Singapore,Education,https://data.gov.sg/datasets/d_688b934f82c1059ed0a6993d2a829089/view
www.bukitviewsec.moe.edu.sg,Singapore,Education,https://data.gov.sg/datasets/d_688b934f82c1059ed0a6993d2a829089/view
www.canberrapri.moe.edu.sg,Singapore,Education,https://data.gov.sg/datasets/d_688b934f82c1059ed0a6993d2a829089/view
canberrasec.moe.edu.sg,Singapore,Education,https://data.gov.sg/datasets/d_688b934f82c1059ed0a6993d2a829089/view
canossacatholicpri.moe.edu.sg,Singapore,Education,https://data.gov.sg/datasets/d_688b934f82c1059ed0a6993d2a829089/view
www.cantonmentpri.moe.edu.sg,Singapore,Education,https://data.gov.sg/datasets/d_688b934f82c1059ed0a6993d2a829089/view
www.casuarinapri.moe.edu.sg,Singapore,Education,https://data.gov.sg/datasets/d_688b934f82c1059ed0a6993d2a829089/view
www.catholichigh.moe.edu.sg,Singapore,Education,https://data.gov.sg/datasets/d_688b934f82c1059ed0a6993d2a829089/view
cjc.moe.edu.sg,Singapore,Education,https://data.gov.sg/datasets/d_688b934f82c1059ed0a6993d2a829089/view
www.cedargirlssec.moe.edu.sg,Singapore,Education,https://data.gov.sg/datasets/d_688b934f82c1059ed0a6993d2a829089/view
www.cedarpri.moe.edu.sg,Singapore,Education,https://data.gov.sg/datasets/d_688b934f82c1059ed0a6993d2a829089/view
www.changkatchangisec.moe.edu.sg,Singapore,Education,https://data.gov.sg/datasets/d_688b934f82c1059ed0a6993d2a829089/view
www.changkatpri.moe.edu.sg,Singapore,Education,https://data.gov.sg/datasets/d_688b934f82c1059ed0a6993d2a829089/view
chijkcp.moe.edu.sg,Singapore,Education,https://data.gov.sg/datasets/d_688b934f82c1059ed0a6993d2a829089/view
www.chijkellock.moe.edu.sg,Singapore,Education,https://data.gov.sg/datasets/d_688b934f82c1059ed0a6993d2a829089/view
www.chijkatongconvent.moe.edu.sg,Singapore,Education,https://data.gov.sg/datasets/d_688b934f82c1059ed0a6993d2a829089/view
www.chijourladyofgoodcounsel.moe.edu.sg,Singapore,Education,https://data.gov.sg/datasets/d_688b934f82c1059ed0a6993d2a829089/view
www.chijourladyofthenativity.moe.edu.sg,Singapore,Education,https://data.gov.sg/datasets/d_688b934f82c1059ed0a6993d2a829089/view
www.chijourladyqueenofpeace.moe.edu.sg,Singapore,Education,https://data.gov.sg/datasets/d_688b934f82c1059ed0a6993d2a829089/view
www.chijpritoapayoh.moe.edu.sg,Singapore,Education,https://data.gov.sg/datasets/d_688b934f82c1059ed0a6993d2a829089/view
www.chijsec.edu.sg,Singapore,Education,https://data.gov.sg/datasets/d_688b934f82c1059ed0a6993d2a829089/view
www.chijstjosephsconvent.moe.edu.sg,Singapore,Education,https://data.gov.sg/datasets/d_688b934f82c1059ed0a6993d2a829089/view
www.chijstnicholasgirls.moe.edu.sg,Singapore,Education,https://data.gov.sg/datasets/d_688b934f82c1059ed0a6993d2a829089/view
www.chijsttheresasconvent.moe.edu.sg,Singapore,Education,https://data.gov.sg/datasets/d_688b934f82c1059ed0a6993d2a829089/view
www.chongfu.moe.edu.sg,Singapore,Education,https://data.gov.sg/datasets/d_688b934f82c1059ed0a6993d2a829089/view
www.chongzhengpri.moe.edu.sg,Singapore,Education,https://data.gov.sg/datasets/d_688b934f82c1059ed0a6993d2a829089/view
www.christchurchsec.moe.edu.sg,Singapore,Education,https://data.gov.sg/datasets/d_688b934f82c1059ed0a6993d2a829089/view
www.chuachukangpri.moe.edu.sg,Singapore,Education,https://data.gov.sg/datasets/d_688b934f82c1059ed0a6993d2a829089/view
www.chuachukangsec.moe.edu.sg,Singapore,Education,https://data.gov.sg/datasets/d_688b934f82c1059ed0a6993d2a829089/view
www.chungchenghighmain.moe.edu.sg,Singapore,Education,https://data.gov.sg/datasets/d_688b934f82c1059ed0a6993d2a829089/view
www.chungchenghighyishun.moe.edu.sg,Singapore,Education,https://data.gov.sg/datasets/d_688b934f82c1059ed0a6993d2a829089/view
www.clementipri.moe.edu.sg,Singapore,Education,https://data.gov.sg/datasets/d_688b934f82c1059ed0a6993d2a829089/view
www.clementitownsec.moe.edu.sg,Singapore,Education,https://data.gov.sg/datasets/d_688b934f82c1059ed0a6993d2a829089/view
www.commonwealthsec.moe.edu.sg,Singapore,Education,https://data.gov.sg/datasets/d_688b934f82c1059ed0a6993d2a829089/view
www.compassvalepri.moe.edu.sg,Singapore,Education,https://data.gov.sg/datasets/d_688b934f82c1059ed0a6993d2a829089/view
www.compassvalesec.moe.edu.sg,Singapore,Education,https://data.gov.sg/datasets/d_688b934f82c1059ed0a6993d2a829089/view
www.concordpri.moe.edu.sg,Singapore,Education,https://data.gov.sg/datasets/d_688b934f82c1059ed0a6993d2a829089/view
www.corporationpri.moe.edu.sg,Singapore,Education,https://data.gov.sg/datasets/d_688b934f82c1059ed0a6993d2a829089/view
www.crescent.edu.sg,Singapore,Education,https://data.gov.sg/datasets/d_688b934f82c1059ed0a6993d2a829089/view
www.crestsec.edu.sg,Singapore,Education,https://data.gov.sg/datasets/d_688b934f82c1059ed0a6993d2a829089/view
www.damaipri.moe.edu.sg,Singapore,Education,https://data.gov.sg/datasets/d_688b934f82c1059ed0a6993d2a829089/view
www.damaisec.moe.edu.sg,Singapore,Education,https://data.gov.sg/datasets/d_688b934f82c1059ed0a6993d2a829089/view
www.dazhongpri.moe.edu.sg,Singapore,Education,https://data.gov.sg/datasets/d_688b934f82c1059ed0a6993d2a829089/view
www.delasalle.moe.edu.sg,Singapore,Education,https://data.gov.sg/datasets/d_688b934f82c1059ed0a6993d2a829089/view
www.deyisec.moe.edu.sg,Singapore,Education,https://data.gov.sg/datasets/d_688b934f82c1059ed0a6993d2a829089/view
www.dunearnsec.moe.edu.sg,Singapore,Education,https://data.gov.sg/datasets/d_688b934f82c1059ed0a6993d2a829089/view
www.dunmanhigh.moe.edu.sg,Singapore,Education,https://data.gov.sg/datasets/d_688b934f82c1059ed0a6993d2a829089/view
www.dunmansec.moe.edu.sg,Singapore,Education,https://data.gov.sg/datasets/d_688b934f82c1059ed0a6993d2a829089/view
www.eastspringpri.moe.edu.sg,Singapore,Education,https://data.gov.sg/datasets/d_688b934f82c1059ed0a6993d2a829089/view
www.eastspringsec.moe.edu.sg,Singapore,Education,https://data.gov.sg/datasets/d_688b934f82c1059ed0a6993d2a829089/view
www.edgefieldpri.moe.edu.sg,Singapore,Education,https://data.gov.sg/datasets/d_688b934f82c1059ed0a6993d2a829089/view
www.edgefieldsec.moe.edu.sg,Singapore,Education,https://data.gov.sg/datasets/d_688b934f82c1059ed0a6993d2a829089/view
www.eliasparkpri.moe.edu.sg,Singapore,Education,https://data.gov.sg/datasets/d_688b934f82c1059ed0a6993d2a829089/view
endeavourpri.moe.edu.sg,Singapore,Education,https://data.gov.sg/datasets/d_688b934f82c1059ed0a6993d2a829089/view
www.eunoiajc.moe.edu.sg,Singapore,Education,https://data.gov.sg/datasets/d_688b934f82c1059ed0a6993d2a829089/view
www.evergreenpri.moe.edu.sg,Singapore,Education,https://data.gov.sg/datasets/d_688b934f82c1059ed0a6993d2a829089/view
www.evergreensec.moe.edu.sg,Singapore,Education,https://data.gov.sg/datasets/d_688b934f82c1059ed0a6993d2a829089/view
www.fmsp.moe.edu.sg,Singapore,Education,https://data.gov.sg/datasets/d_688b934f82c1059ed0a6993d2a829089/view
www.fairfieldmethodistsec.moe.edu.sg,Singapore,Education,https://data.gov.sg/datasets/d_688b934f82c1059ed0a6993d2a829089/view
www.farrerparkpri.moe.edu.sg,Singapore,Education,https://data.gov.sg/datasets/d_688b934f82c1059ed0a6993d2a829089/view
www.ntu.edu.sg,Singapore,Education,https://www.sgdi.gov.sg/other-organisations/autonomous-universities
www.nus.edu.sg,Singapore,Education,https://www.sgdi.gov.sg/other-organisations/autonomous-universities
www.singaporetech.edu.sg,Singapore,Education,https://www.sgdi.gov.sg/other-organisations/autonomous-universities
www.smu.edu.sg,Singapore,Education,https://www.sgdi.gov.sg/other-organisations/autonomous-universities
www.suss.edu.sg,Singapore,Education,https://www.sgdi.gov.sg/other-organisations/autonomous-universities
www.sutd.edu.sg,Singapore,Education,https://www.sgdi.gov.sg/other-organisations/autonomous-universities
www.pumch.cn,China,Healthcare,https://www.pumch.cn/
www.bjtth.org,China,Healthcare,https://www.bjtth.org/
www.bjcyh.com.cn,China,Healthcare,https://www.bjcyh.com.cn/
www.bjsjth.cn,China,Healthcare,https://www.bjsjth.cn/
www.bjyah.com,China,Healthcare,https://www.bjyah.com/
www.xwhosp.com.cn,China,Healthcare,https://www.xwhosp.com.cn/
www.zs-hospital.sh.cn,China,Healthcare,https://www.zs-hospital.sh.cn/
www.ruijin.com,China,Healthcare,https://www.ruijin.com/
www.renji.com,China,Healthcare,https://www.renji.com/
www.shchildren.com.cn,China,Healthcare,https://www.shchildren.com.cn/
www.gd2h.com,China,Healthcare,https://www.gd2h.com/
www.gdghospital.org.cn,China,Healthcare,https://www.gdghospital.org.cn/
www.szhospital.com,China,Healthcare,https://www.szhospital.com/
www.wchscu.cn,China,Healthcare,https://www.wchscu.cn/
www.tjh.com.cn,China,Healthcare,https://www.tjh.com.cn/
www.whuh.com,China,Healthcare,https://www.whuh.com/
www.znhospital.com,China,Healthcare,https://www.znhospital.com/
www.xiangya.com.cn,China,Healthcare,https://www.xiangya.com.cn/
www.jsph.org.cn,China,Healthcare,https://www.jsph.org.cn/
www.njglyy.com,China,Healthcare,https://www.njglyy.com/
www.srrsh.com,China,Healthcare,https://www.srrsh.com/
www.z2hospital.com,China,Healthcare,https://www.z2hospital.com/
www.qiluhospital.com,China,Healthcare,https://www.qiluhospital.com/
www.hrbmush.edu.cn,China,Healthcare,https://www.hrbmush.edu.cn/
www.jdyfy.com,China,Healthcare,https://www.jdyfy.com/
www.lzush.com.cn,China,Healthcare,https://www.lzush.com.cn/
www.cqch.cn,China,Healthcare,https://www.cqch.cn/
www.hospital-cqmu.com,China,Healthcare,https://www.hospital-cqmu.com/
www.hfyy.cn,China,Healthcare,https://www.hfyy.cn/
www.fyyy.com,China,Healthcare,https://www.fyyy.com/
www.nmgyy.cn,China,Healthcare,https://www.nmgyy.cn/
www.jxsrmyy.cn,China,Healthcare,https://www.jxsrmyy.cn/
www.fjph.com,China,Healthcare,https://www.fjph.com/
www.sgh.com.sg,Singapore,Healthcare,https://www.moh.gov.sg/seeking-healthcare/find-a-facility-or-service/types-of-medical-facilities-and-services/acute-hospitals/
www.cgh.com.sg,Singapore,Healthcare,https://www.moh.gov.sg/seeking-healthcare/find-a-facility-or-service/types-of-medical-facilities-and-services/acute-hospitals/
www.ktph.com.sg,Singapore,Healthcare,https://www.moh.gov.sg/seeking-healthcare/find-a-facility-or-service/types-of-medical-facilities-and-services/acute-hospitals/
www.nuh.com.sg,Singapore,Healthcare,https://www.moh.gov.sg/seeking-healthcare/find-a-facility-or-service/types-of-medical-facilities-and-services/acute-hospitals/
www.ntfgh.com.sg,Singapore,Healthcare,https://www.moh.gov.sg/seeking-healthcare/find-a-facility-or-service/types-of-medical-facilities-and-services/acute-hospitals/
www.skh.com.sg,Singapore,Healthcare,https://www.moh.gov.sg/seeking-healthcare/find-a-facility-or-service/types-of-medical-facilities-and-services/acute-hospitals/
www.ttsh.com.sg,Singapore,Healthcare,https://www.moh.gov.sg/seeking-healthcare/find-a-facility-or-service/types-of-medical-facilities-and-services/acute-hospitals/
www.ah.com.sg,Singapore,Healthcare,https://www.moh.gov.sg/seeking-healthcare/find-a-facility-or-service/types-of-medical-facilities-and-services/acute-hospitals/
www.wh.com.sg,Singapore,Healthcare,https://www.moh.gov.sg/seeking-healthcare/find-a-facility-or-service/types-of-medical-facilities-and-services/acute-hospitals/
www.kkh.com.sg,Singapore,Healthcare,https://www.moh.gov.sg/seeking-healthcare/find-a-facility-or-service/types-of-medical-facilities-and-services/acute-hospitals/
www.imh.com.sg,Singapore,Healthcare,https://www.moh.gov.sg/seeking-healthcare/find-a-facility-or-service/types-of-medical-facilities-and-services/acute-hospitals/
www.nccs.com.sg,Singapore,Healthcare,https://www.moh.gov.sg/seeking-healthcare/find-a-facility-or-service/types-of-medical-facilities-and-services/acute-hospitals/
www.nhcs.com.sg,Singapore,Healthcare,https://www.moh.gov.sg/seeking-healthcare/find-a-facility-or-service/types-of-medical-facilities-and-services/acute-hospitals/
www.snec.com.sg,Singapore,Healthcare,https://www.moh.gov.sg/seeking-healthcare/find-a-facility-or-service/types-of-medical-facilities-and-services/acute-hospitals/
www.nsc.com.sg,Singapore,Healthcare,https://www.moh.gov.sg/seeking-healthcare/find-a-facility-or-service/types-of-medical-facilities-and-services/acute-hospitals/
www.nni.com.sg,Singapore,Healthcare,https://www.moh.gov.sg/seeking-healthcare/find-a-facility-or-service/types-of-medical-facilities-and-services/acute-hospitals/
www.ncid.sg,Singapore,Healthcare,https://www.moh.gov.sg/seeking-healthcare/find-a-facility-or-service/types-of-medical-facilities-and-services/acute-hospitals/
www.ndcs.com.sg,Singapore,Healthcare,https://www.moh.gov.sg/seeking-healthcare/find-a-facility-or-service/types-of-medical-facilities-and-services/acute-hospitals/
www.nuhcs.com.sg,Singapore,Healthcare,https://www.moh.gov.sg/seeking-healthcare/find-a-facility-or-service/types-of-medical-facilities-and-services/acute-hospitals/
www.mountelizabeth.com.sg,Singapore,Healthcare,https://www.moh.gov.sg/seeking-healthcare/find-a-facility-or-service/types-of-medical-facilities-and-services/acute-hospitals/
www.gleneagles.com.sg,Singapore,Healthcare,https://www.moh.gov.sg/seeking-healthcare/find-a-facility-or-service/types-of-medical-facilities-and-services/acute-hospitals/
www.parkwayeast.com.sg,Singapore,Healthcare,https://www.moh.gov.sg/seeking-healthcare/find-a-facility-or-service/types-of-medical-facilities-and-services/acute-hospitals/
www.raffleshospital.com,Singapore,Healthcare,https://www.moh.gov.sg/seeking-healthcare/find-a-facility-or-service/types-of-medical-facilities-and-services/acute-hospitals/
www.farrerpark.com,Singapore,Healthcare,https://www.moh.gov.sg/seeking-healthcare/find-a-facility-or-service/types-of-medical-facilities-and-services/acute-hospitals/
www.thomsonmedical.com,Singapore,Healthcare,https://www.moh.gov.sg/seeking-healthcare/find-a-facility-or-service/types-of-medical-facilities-and-services/acute-hospitals/
www.mtalvernia.sg,Singapore,Healthcare,https://www.moh.gov.sg/seeking-healthcare/find-a-facility-or-service/types-of-medical-facilities-and-services/acute-hospitals/
www.amkh.org.sg,Singapore,Healthcare,https://www.moh.gov.sg/seeking-healthcare/find-a-facility-or-service/types-of-medical-facilities-and-services/community-hospitals/
www.sach.org.sg,Singapore,Healthcare,https://www.moh.gov.sg/seeking-healthcare/find-a-facility-or-service/types-of-medical-facilities-and-services/community-hospitals/
www.jch.com.sg,Singapore,Healthcare,https://www.moh.gov.sg/seeking-healthcare/find-a-facility-or-service/types-of-medical-facilities-and-services/community-hospitals/
www.slh.org.sg,Singapore,Healthcare,https://www.moh.gov.sg/seeking-healthcare/find-a-facility-or-service/types-of-medical-facilities-and-services/community-hospitals/
www.renci.org.sg,Singapore,Healthcare,https://www.moh.gov.sg/seeking-healthcare/find-a-facility-or-service/types-of-medical-facilities-and-services/community-hospitals/
www.yishuncommunityhospital.com.sg,Singapore,Healthcare,https://www.moh.gov.sg/seeking-healthcare/find-a-facility-or-service/types-of-medical-facilities-and-services/community-hospitals/
gjzwfw.www.gov.cn,China,Public Service,https://gjzwfw.www.gov.cn/
www.gjzwfw.gov.cn,China,Public Service,https://gjzwfw.www.gov.cn/
app.gjzwfw.gov.cn,China,Public Service,https://gjzwfw.www.gov.cn/
cxly.saac.gov.cn,China,Public Service,https://gjzwfw.www.gov.cn/
ntce.neea.edu.cn,China,Public Service,https://gjzwfw.www.gov.cn/
www.smartedu.cn,China,Public Service,https://gjzwfw.www.gov.cn/
fuwu.nhsa.gov.cn,China,Public Service,https://gjzwfw.www.gov.cn/
opweb.sasac.gov.cn,China,Public Service,https://gjzwfw.www.gov.cn/
std.samr.gov.cn,China,Public Service,https://gjzwfw.www.gov.cn/
xwqy.gsxt.gov.cn,China,Public Service,https://gjzwfw.www.gov.cn/
www.12315.cn,China,Public Service,https://gjzwfw.www.gov.cn/
getsimnum.caict.ac.cn,China,Public Service,https://gjzwfw.www.gov.cn/
zwfw.tj.gov.cn,China,Public Service,https://gjzwfw.www.gov.cn/
www.hbzwfw.gov.cn,China,Public Service,https://gjzwfw.www.gov.cn/
zwfw.nmg.gov.cn,China,Public Service,https://gjzwfw.www.gov.cn/
zwfw.jl.gov.cn,China,Public Service,https://gjzwfw.www.gov.cn/
www.zwfw.hlj.gov.cn,China,Public Service,https://gjzwfw.www.gov.cn/
zwdt.sh.gov.cn,China,Public Service,https://gjzwfw.www.gov.cn/
www.jszwfw.gov.cn,China,Public Service,https://gjzwfw.www.gov.cn/
www.ahzwfw.gov.cn,China,Public Service,https://gjzwfw.www.gov.cn/
zwfw.sd.gov.cn,China,Public Service,https://gjzwfw.www.gov.cn/
www.hnzwfw.gov.cn,China,Public Service,https://gjzwfw.www.gov.cn/
zwfw.hubei.gov.cn,China,Public Service,https://gjzwfw.www.gov.cn/
zwfw-new.hunan.gov.cn,China,Public Service,https://gjzwfw.www.gov.cn/
www.gdzwfw.gov.cn,China,Public Service,https://gjzwfw.www.gov.cn/
zwfw.guizhou.gov.cn,China,Public Service,https://gjzwfw.www.gov.cn/
zwfw.yn.gov.cn,China,Public Service,https://gjzwfw.www.gov.cn/
zwfw.shaanxi.gov.cn,China,Public Service,https://gjzwfw.www.gov.cn/
zwfw.gansu.gov.cn,China,Public Service,https://gjzwfw.www.gov.cn/
www.qhzwfw.gov.cn,China,Public Service,https://gjzwfw.www.gov.cn/
zwfw.nx.gov.cn,China,Public Service,https://gjzwfw.www.gov.cn/
zwfw.xinjiang.gov.cn,China,Public Service,https://gjzwfw.www.gov.cn/
zwfw.xjbt.gov.cn,China,Public Service,https://gjzwfw.www.gov.cn/
www.life.gov.sg,Singapore,Public Service,https://www.life.gov.sg/
www.healthhub.sg,Singapore,Public Service,https://www.healthhub.sg/
eservices.healthhub.sg,Singapore,Public Service,https://eservices.healthhub.sg/
www.myskillsfuture.gov.sg,Singapore,Public Service,https://www.myskillsfuture.gov.sg/
www.onemotoring.lta.gov.sg,Singapore,Public Service,https://www.onemotoring.lta.gov.sg/
mytax.iras.gov.sg,Singapore,Public Service,https://mytax.iras.gov.sg/
www.bizfile.gov.sg,Singapore,Public Service,https://www.bizfile.gov.sg/
www.gobusiness.gov.sg,Singapore,Public Service,https://www.gobusiness.gov.sg/
www.mytransport.sg,Singapore,Public Service,https://www.mytransport.sg/
www.scamshield.gov.sg,Singapore,Public Service,https://www.scamshield.gov.sg/
supportgowhere.life.gov.sg,Singapore,Public Service,https://supportgowhere.life.gov.sg/
eservices.mlaw.gov.sg,Singapore,Public Service,https://eservices.mlaw.gov.sg/
www.oneservice.gov.sg,Singapore,Public Service,https://www.oneservice.gov.sg/
www.booking.gov.sg,Singapore,Public Service,https://www.booking.gov.sg/
www.gebiz.gov.sg,Singapore,Public Service,https://www.gebiz.gov.sg/
www.vital.gov.sg,Singapore,Public Service,https://www.vital.gov.sg/
www.ns.gov.sg,Singapore,Public Service,https://www.ns.gov.sg/
www.onepa.gov.sg,Singapore,Public Service,https://www.onepa.gov.sg/
www.parking.sg,Singapore,Public Service,https://www.parking.sg/
www.careshieldlife.gov.sg,Singapore,Public Service,https://www.careshieldlife.gov.sg/
